{
  "customer": [
    {
      "id": "1",
      "username": "Rishu  yadav ",
      "password": "5235",
      "custMob": "5535",
      "firstNamer": "12256",
      "lastName": "125555"
    },
    {
      "id": "1",
      "username": "Rishu  yadav ",
      "password": "5235",
      "custMob": "5535",
      "firstNamer": "12256",
      "lastName": "125555"
    },
    {
      "id": "1",
      "username": "Rishu  yadav ",
      "password": "5235",
      "custMob": "5535",
      "firstNamer": "12256",
      "lastName": "125555"
    }
  ],
  "investor":[
    {
      "id": "1",
      "invName": "Rishu kumar yadav ",
      "invEmail": "rishuyadav@gmail.com",
      "invPercentage": "55",
      "invCompany": "Muft Bank"
      
    },
   
    {
      "id": "1",
      "invName": "Vishal kumar yadav ",
      "invEmail": "rishuyadav@gmail.com",
      "invPercentage": "55",
      "invCompany": "Muft Bank"
    },
    {
      "id": "1",
      "invName": "Sagar",
      "invEmail": "rishuyadav@gmail.com",
      "invPercentage": "55",
      "invCompany": "Muft Bank"
      
    },
   
    {
      "id": "1",
      "invName": "Sourav",
      "invEmail": "rishuyadav@gmail.com",
      "invPercentage": "55",
      "invCompany": "Muft Bank"
    }
  ]
}