 [
      {
        "id": "1",
        "username": "Rishu  yadav ",
        "password": "5235",
        "custMob": "5535",
        "firstNamer": "12256",
        "lastName": "125555"
      },
      {
        "id": "1",
        "username": "Rishu  ",
        "password": "5235",
        "custMob": "5535",
        "firstNamer": "12256",
        "lastName": "125555"
      },
      {
        "id": "1",
        "username": "Rishu  yadav ",
        "password": "5235",
        "custMob": "5535",
        "firstNamer": "12256",
        "lastName": "125555"
      }
    ]